{
    "lecturer_name": "Madam Doe ",
    "unitCode": "BSIT 3130",
    "UnitName": "Course Name",
    "semester": "1",
    "yearOfStudy": "3",
    "year": "2023",
    "courseEvalTable": "9717127133",
    "grades": {
        "BIT/0830/2021": 90,
        "BIT/0892/2021": 31,
        "BAIR/1442/2021": 32,
        "BIT/0841/2021": 33,
        "BIT/0775/2020": 99,
        "BIT/0539/2020": 90,
        "BIT/0527/2020": 90,
        "BIT/0660/2020": 100,
        "BIT/0841/2029": 38,
        "BIT/0841/2030": 39,
        "BIT/0841/2031": 40,
        "BIT/0841/2032": 41,
        "BIT/0841/2033": 42,
        "BIT/0841/2034": 43,
        "BIT/084IT2035": 44,
        "BIT/0841/2036": 45,
        "BIT/0841/2037": 46,
        "BIT/0841/2038": 47,
        "BIT/0841/2039": 48,
        "BIT/0841/2040": 49
    }
}